{
  "kismet.device.base.key": "4202770D00000000_DAACFE26D9BA",
  "kismet.device.base.macaddr": "BA:D9:26:FE:AC:DA",
  "kismet.device.base.related_devices": {},
  "kismet.device.base.name": "BOP",
  "kismet.device.base.commonname": "BOP",
  "kismet.server.uuid": "84B5DF30-001A-11EF-A1EF-4B49534D4554",
  "kismet.device.base.basic_type_set": 1,
  "kismet.device.base.crypt": "WPA2 WPA2-PSK AES-CCMP",
  "kismet.device.base.basic_crypt_set": 0,
  "kismet.device.base.first_time": 1716972359,
  "kismet.device.base.last_time": 1716972493,
  "kismet.device.base.mod_time": 1716972494,
  "kismet.device.base.packets.total": 6,
  "kismet.device.base.packets.rx_total": 0,
  "kismet.device.base.packets.tx_total": 6,
  "kismet.device.base.packets.llc": 6,
  "kismet.device.base.packets.error": 0,
  "kismet.device.base.packets.data": 0,
  "kismet.device.base.packets.crypt": 0,
  "kismet.device.base.packets.filtered": 0,
  "kismet.device.base.datasize": 0,
  "kismet.device.base.channel": "4",
  "kismet.device.base.frequency": 2427000,
  "kismet.device.base.freq_khz_map": {
    "2422000": 2,
    "2427000": 3,
    "2432000": 1
  },
  "dot11.device": {
    "dot11.device.typeset": 1,
    "dot11.device.num_client_aps": 0,
    "dot11.device.num_advertised_ssids": 1,
    "dot11.device.num_responded_ssids": 0,
    "dot11.device.num_probed_ssids": 0,
    "dot11.device.num_associated_clients": 0,
    "dot11.device.client_disconnects": 0,
    "dot11.device.client_disconnects_last": 0,
    "dot11.device.last_sequence": 0,
    "dot11.device.bss_timestamp": 3186314242704,
    "dot11.device.num_fragments": 0,
    "dot11.device.num_retries": 0,
    "dot11.device.datasize": 0,
    "dot11.device.datasize_retry": 0,
    "dot11.device.last_beacon_timestamp": 1716972493,
    "dot11.device.wps_m3_count": 0,
    "dot11.device.wps_m3_last": 0,
    "dot11.device.min_tx_power": 0,
    "dot11.device.max_tx_power": 0,
    "dot11.device.link_measurement_capable": 0,
    "dot11.device.neighbor_report_capable": 0,
    "dot11.device.beacon_fingerprint": 2226834818,
    "dot11.device.probe_fingerprint": 0,
    "dot11.device.response_fingerprint": 0,
    "dot11.device.last_bssid": "BA:D9:26:FE:AC:DA",
    "dot11.device.advertised_ssid_map": [
      {
        "dot11.advertisedssid.ssid": "BOP",
        "dot11.advertisedssid.ssidlen": 3,
        "dot11.advertisedssid.ssid_hash": 162398355,
        "dot11.advertisedssid.beacon": 1,
        "dot11.advertisedssid.probe_response": 0,
        "dot11.advertisedssid.channel": "4",
        "dot11.advertisedssid.ht_mode": "HT20",
        "dot11.advertisedssid.ht_center_1": 0,
        "dot11.advertisedssid.ht_center_2": 0,
        "dot11.advertisedssid.first_time": 1716972359,
        "dot11.advertisedssid.last_time": 1716972493,
        "dot11.advertisedssid.cloaked": 0,
        "dot11.advertisedssid.crypt_bitfield": 274945016842,
        "dot11.advertisedssid.crypt_set": 268436160,
        "dot11.advertisedssid.crypt_string": "WPA2 WPA2-PSK AES-CCMP",
        "dot11.advertisedssid.maxrate": 866.700000,
        "dot11.advertisedssid.beaconrate": 10,
        "dot11.advertisedssid.beacons_sec": 6,
        "dot11.advertisedssid.ietag_checksum": 1803451113,
        "dot11.advertisedssid.wpa_mfp_required": 0,
        "dot11.advertisedssid.wpa_mfp_supported": 0,
        "dot11.advertisedssid.dot11r_mobility": 0,
        "dot11.advertisedssid.dot11r_mobility_domain_id": 0,
        "dot11.advertisedssid.dot11e_qbss": 0,
        "dot11.advertisedssid.dot11e_qbss_stations": 0,
        "dot11.advertisedssid.dot11e_channel_utilization_perc": 0,
        "dot11.advertisedssid.ccx_txpower": 0,
        "dot11.advertisedssid.cisco_client_mfp": 0,
        "dot11.advertisedssid.advertised_txpower": 13,
        "dot11.advertisedssid.dot11d_country": "NL",
        "dot11.advertisedssid.location": {
          "kismet.common.location.loc_fix": 3,
          "kismet.common.location.min_loc": {
            "kismet.common.location.geopoint": [
              4.501826,
              52.044370
            ],
            "kismet.common.location.alt": -2.836500
          },
          "kismet.common.location.max_loc": {
            "kismet.common.location.geopoint": [
              4.501872,
              52.044396
            ],
            "kismet.common.location.alt": -1.882100
          },
          "kismet.common.location.last": {
            "kismet.common.location.geopoint": [
              4.501840,
              52.044370
            ],
            "kismet.common.location.alt": -1.882100,
            "kismet.common.location.fix": 3,
            "kismet.common.location.speed": 0,
            "kismet.common.location.heading": 1.338700
          },
          "kismet.common.location.avg_loc": {
            "kismet.common.location.geopoint": [
              4.501846,
              52.044381
            ],
            "kismet.common.location.alt": -0.000000,
            "kismet.common.location.fix": 3,
            "kismet.common.location.time_sec": 1716972494,
            "kismet.common.location.time_usec": 642085
          }
        }
      }
    ],
    "dot11.device.last_beaconed_ssid_record": {
      "dot11.advertisedssid.ssid": "BOP",
      "dot11.advertisedssid.ssidlen": 3,
      "dot11.advertisedssid.ssid_hash": 162398355,
      "dot11.advertisedssid.beacon": 1,
      "dot11.advertisedssid.probe_response": 0,
      "dot11.advertisedssid.channel": "4",
      "dot11.advertisedssid.ht_mode": "HT20",
      "dot11.advertisedssid.ht_center_1": 0,
      "dot11.advertisedssid.ht_center_2": 0,
      "dot11.advertisedssid.first_time": 1716972359,
      "dot11.advertisedssid.last_time": 1716972493,
      "dot11.advertisedssid.cloaked": 0,
      "dot11.advertisedssid.crypt_bitfield": 274945016842,
      "dot11.advertisedssid.crypt_set": 268436160,
      "dot11.advertisedssid.crypt_string": "WPA2 WPA2-PSK AES-CCMP",
      "dot11.advertisedssid.maxrate": 866.700000,
      "dot11.advertisedssid.beaconrate": 10,
      "dot11.advertisedssid.beacons_sec": 6,
      "dot11.advertisedssid.ietag_checksum": 1803451113,
      "dot11.advertisedssid.wpa_mfp_required": 0,
      "dot11.advertisedssid.wpa_mfp_supported": 0,
      "dot11.advertisedssid.dot11r_mobility": 0,
      "dot11.advertisedssid.dot11r_mobility_domain_id": 0,
      "dot11.advertisedssid.dot11e_qbss": 0,
      "dot11.advertisedssid.dot11e_qbss_stations": 0,
      "dot11.advertisedssid.dot11e_channel_utilization_perc": 0,
      "dot11.advertisedssid.ccx_txpower": 0,
      "dot11.advertisedssid.cisco_client_mfp": 0,
      "dot11.advertisedssid.advertised_txpower": 13,
      "dot11.advertisedssid.dot11d_country": "NL",
      "dot11.advertisedssid.location": {
        "kismet.common.location.loc_fix": 3,
        "kismet.common.location.min_loc": {
          "kismet.common.location.geopoint": [
            4.501826,
            52.044370
          ],
          "kismet.common.location.alt": -2.836500
        },
        "kismet.common.location.max_loc": {
          "kismet.common.location.geopoint": [
            4.501872,
            52.044396
          ],
          "kismet.common.location.alt": -1.882100
        },
        "kismet.common.location.last": {
          "kismet.common.location.geopoint": [
            4.501840,
            52.044370
          ],
          "kismet.common.location.alt": -1.882100,
          "kismet.common.location.fix": 3,
          "kismet.common.location.speed": 0,
          "kismet.common.location.heading": 1.338700
        },
        "kismet.common.location.avg_loc": {
          "kismet.common.location.geopoint": [
            4.501846,
            52.044381
          ],
          "kismet.common.location.alt": -0.000000,
          "kismet.common.location.fix": 3,
          "kismet.common.location.time_sec": 1716972494,
          "kismet.common.location.time_usec": 642085
        }
      }
    }
  },
  "kismet.device.base.num_alerts": 0,
  "kismet.device.base.seenby": [
    {
      "kismet.common.seenby.first_time": 1716972359,
      "kismet.common.seenby.last_time": 1716972493,
      "kismet.common.seenby.num_packets": 6,
      "kismet.common.seenby.uuid": "5FE308BD-0000-0000-0000-00C0CAB47057"
    }
  ],
  "kismet.device.base.phyname": "IEEE802.11",
  "kismet.device.base.manuf": "Unknown",
  "kismet.device.base.tx_packets.rrd": {
    "kismet.common.rrd.last_time": 1716972505,
    "kismet.common.rrd.serial_time": 1716972505,
    "kismet.common.rrd.last_value": 0,
    "kismet.common.rrd.last_value_n1": 1,
    "kismet.common.rrd.minute_vec": [
      0,
      0,
      0,
      1,
      0,
      0,
      0,
      0,
      0,
      0,
      0,
      0,
      0,
      0,
      1,
      0,
      0,
      0,
      0,
      0,
      0,
      0,
      0,
      0,
      0,
      0,
      0,
      0,
      0,
      0,
      0,
      0,
      0,
      0,
      0,
      0,
      0,
      0,
      0,
      0,
      2,
      0,
      0,
      0,
      0,
      0,
      0,
      0,
      0,
      0,
      0,
      0,
      0,
      0,
      0,
      0,
      0,
      0,
      0,
      0
    ],
    "kismet.common.rrd.hour_vec": [
      0,
      0,
      0,
      0,
      0,
      0,
      0,
      0,
      0,
      0,
      0,
      0,
      0,
      0,
      0,
      0,
      0,
      0,
      0,
      0,
      0,
      0,
      0,
      0,
      0,
      0,
      0,
      0,
      0,
      0,
      0,
      0,
      0,
      0,
      0,
      0,
      0,
      0,
      0,
      0,
      0,
      0,
      0,
      0,
      0,
      0.016667,
      0.033333,
      0.033333,
      0.066667,
      0,
      0,
      0,
      0,
      0,
      0,
      0,
      0,
      0,
      0,
      0
    ],
    "kismet.common.rrd.day_vec": [
      0,
      0,
      0,
      0,
      0,
      0,
      0,
      0,
      0.002500,
      0,
      0,
      0,
      0,
      0,
      0,
      0,
      0,
      0,
      0,
      0,
      0,
      0,
      0,
      0
    ],
    "kismet.common.rrd.blank_val": 0
  },
  "kismet.device.base.packets.rrd": {
    "kismet.common.rrd.last_time": 1716972505,
    "kismet.common.rrd.serial_time": 1716972505,
    "kismet.common.rrd.last_value": 0,
    "kismet.common.rrd.last_value_n1": 0,
    "kismet.common.rrd.minute_vec": [
      0,
      0,
      0,
      1,
      0,
      0,
      0,
      0,
      0,
      0,
      0,
      0,
      0,
      0,
      1,
      0,
      0,
      0,
      0,
      0,
      0,
      0,
      0,
      0,
      0,
      0,
      0,
      0,
      0,
      0,
      0,
      0,
      0,
      0,
      0,
      0,
      0,
      0,
      0,
      0,
      2,
      0,
      0,
      0,
      0,
      0,
      0,
      0,
      0,
      0,
      0,
      0,
      0,
      0,
      0,
      0,
      0,
      0,
      0,
      0
    ],
    "kismet.common.rrd.hour_vec": [
      0,
      0,
      0,
      0,
      0,
      0,
      0,
      0,
      0,
      0,
      0,
      0,
      0,
      0,
      0,
      0,
      0,
      0,
      0,
      0,
      0,
      0,
      0,
      0,
      0,
      0,
      0,
      0,
      0,
      0,
      0,
      0,
      0,
      0,
      0,
      0,
      0,
      0,
      0,
      0,
      0,
      0,
      0,
      0,
      0,
      0.016667,
      0.033333,
      0.033333,
      0.066667,
      0,
      0,
      0,
      0,
      0,
      0,
      0,
      0,
      0,
      0,
      0
    ],
    "kismet.common.rrd.day_vec": [
      0,
      0,
      0,
      0,
      0,
      0,
      0,
      0,
      0.002500,
      0,
      0,
      0,
      0,
      0,
      0,
      0,
      0,
      0,
      0,
      0,
      0,
      0,
      0,
      0
    ],
    "kismet.common.rrd.blank_val": 0
  },
  "kismet.device.base.signal": {
    "kismet.common.signal.type": "dbm",
    "kismet.common.signal.last_signal": -82,
    "kismet.common.signal.last_noise": 0,
    "kismet.common.signal.min_signal": -82,
    "kismet.common.signal.min_noise": 0,
    "kismet.common.signal.max_signal": -79,
    "kismet.common.signal.max_noise": 0,
    "kismet.common.signal.maxseenrate": 10,
    "kismet.common.signal.encodingset": 1,
    "kismet.common.signal.carrierset": 1,
    "kismet.common.signal.signal_rrd": {
      "kismet.common.rrd.last_time": 1716972505,
      "kismet.common.rrd.serial_time": 1716972505,
      "kismet.common.rrd.last_value": 0,
      "kismet.common.rrd.last_value_n1": -82,
      "kismet.common.rrd.minute_vec": [
        0,
        0,
        -81,
        0,
        0,
        0,
        0,
        0,
        0,
        0,
        0,
        0,
        0,
        -82,
        0,
        0,
        0,
        0,
        0,
        0,
        0,
        0,
        0,
        0,
        0,
        0,
        0,
        0,
        0,
        0,
        0,
        0,
        0,
        0,
        0,
        0,
        0,
        0,
        0,
        -82,
        0,
        0,
        0,
        0,
        0,
        0,
        0,
        0,
        0,
        0,
        0,
        0,
        0,
        0,
        0,
        0,
        0,
        0,
        0,
        0
      ],
      "kismet.common.rrd.blank_val": 0
    }
  },
  "kismet.device.base.location": {
    "kismet.common.location.loc_fix": 3,
    "kismet.common.location.min_loc": {
      "kismet.common.location.geopoint": [
        4.501826,
        52.044370
      ],
      "kismet.common.location.alt": -2.836500
    },
    "kismet.common.location.max_loc": {
      "kismet.common.location.geopoint": [
        4.501872,
        52.044396
      ],
      "kismet.common.location.alt": -1.882100
    },
    "kismet.common.location.last": {
      "kismet.common.location.geopoint": [
        4.501840,
        52.044370
      ],
      "kismet.common.location.alt": -1.882100,
      "kismet.common.location.fix": 3,
      "kismet.common.location.speed": 0,
      "kismet.common.location.heading": 1.338700
    },
    "kismet.common.location.avg_loc": {
      "kismet.common.location.geopoint": [
        4.501846,
        52.044381
      ],
      "kismet.common.location.alt": -0.000000,
      "kismet.common.location.fix": 3,
      "kismet.common.location.time_sec": 1716972494,
      "kismet.common.location.time_usec": 641969
    }
  },
  "kismet.device.base.type": "Wi-Fi AP"
}